{
    "颜文字": {
        "type": "emoticon",
        "container": [
                {
                    "icon": "OωO",
                    "text": "Author: DIYgod"
                },
                {
                    "icon": "|´・ω・)ノ",
                    "text": "Hi"
                },
                {
                    "icon": "ヾ(≧∇≦*)ゝ",
                    "text": "开心"
                },
                {
                    "icon": "(☆ω☆)",
                    "text": "星星眼"
                },
                {
                    "icon": "（╯‵□′）╯︵┴─┴",
                    "text": "掀桌"
                },
                {
                    "icon": "￣﹃￣",
                    "text": "流口水"
                },
                {
                    "icon": "(/ω＼)",
                    "text": "捂脸"
                },
                {
                    "icon": "∠( ᐛ 」∠)＿",
                    "text": "给跪"
                },
                {
                    "icon": "(๑•̀ㅁ•́ฅ)",
                    "text": "Hi"
                },
                {
                    "icon": "→_→",
                    "text": "斜眼"
                },
                {
                    "icon": "୧(๑•̀⌄•́๑)૭",
                    "text": "加油"
                },
                {
                    "icon": "٩(ˊᗜˋ*)و",
                    "text": "有木有WiFi"
                },
                {
                    "icon": "(ノ°ο°)ノ",
                    "text": "前方高能预警"
                },
                {
                    "icon": "(´இ皿இ｀)",
                    "text": "我从未见过如此厚颜无耻之人"
                },
                {
                    "icon": "⌇●﹏●⌇",
                    "text": "吓死宝宝惹"
                },
                {
                    "icon": "(ฅ´ω`ฅ)",
                    "text": "已阅留爪"
                },
                {
                    "icon": "(╯°A°)╯︵○○○",
                    "text": "去吧大师球"
                },
                {
                    "icon": "φ(￣∇￣o)",
                    "text": "太萌惹"
                },
                {
                    "icon": "ヾ(´･ ･｀｡)ノ\"",
                    "text": "咦咦咦"
                },
                {
                    "icon": "( ง ᵒ̌皿ᵒ̌)ง⁼³₌₃",
                    "text": "气呼呼"
                },
                {
                    "icon": "(ó﹏ò｡)",
                    "text": "我受到了惊吓"
                },
                {
                    "icon": "Σ(っ °Д °;)っ",
                    "text": "什么鬼"
                },
                {
                    "icon": "( ,,´･ω･)ﾉ\"(´っω･｀｡)",
                    "text": "摸摸头"
                },
                {
                    "icon": "╮(╯▽╰)╭ ",
                    "text": "无奈"
                },
                {
                    "icon": "o(*////▽////*)q ",
                    "text": "脸红"
                },
                {
                    "icon": "＞﹏＜",
                    "text": ""
                },
                {
                    "icon": "( ๑´•ω•) \"(ㆆᴗㆆ)",
                    "text": ""
                },
                {
                    "icon": "(｡•ˇ‸ˇ•｡)",
                    "text": ""
                }
        ]
    }
}